Week,Section,Date_Log,Project_Name,Colors,Order,Tubes_Status,Plates_Status,PP_Num,DIA,Description,Promise_Complete,Comments
3,HK Trials,,I/G Trials for redo on colours,,,,,,,Karen New art????,,
3,HK Trials,2025-01-16,Justine tissue Oil,4,,,x,20135,25,25x100/4 Coex Prl White,,
3,HK Trials,2024-12-02,Justine Tissue Oil SPF25,4,x,,x,20086,25,25x100/4 Coex Prl White,,Tubes week 5
3,HK Trials,2024-12-13,Justine Tissue Oil SPF20,4,x,,x,19725,30,30x110/4 Coex Prl White,,Thursday/Friday
3,HK Trials,,3 x Cuticura,,,,,20114 / 5/ 6,50,50x130/10 Coex White,2025-01-20,Mon/Tues
3,HK Trials,,Varicide Await Art Approval,,,,,,,15/1/25 mail from D,,
3,HK Trials,2025-01-16,Anastella,4,x,,x,20136,50,50x120/4Coex White,,Saturday
3,HK Trials,,Femogene,,x,,,20137,50,50x133/10 Coex Silver,,
3,Dubuit Trials,2024-12-17,Panache,2,,x,x,20070,35,35x120/10 Coex Blue,week 3,
3,Dubuit Trials,2024-12-13,Fabupharm Desert Sun,,,,x,20085,50,50x160/10 Coex Blue,2025-01-20,
3,Dubuit Trials,2024-12-13,Squirt Barrier Cream 100g,,x,,x,20080,40,40x120/10 Prl Blue,2025-01-29,
3,Dubuit Trials,2024-12-13,Squirt Barrier Cream 100g,,x,,x,20080,40,40x120/10 Prl Blue,,
3,Dubuit Trials,2025-01-15,EMA,1,x,x,x,20126,100ml,20/415 100ml Sharp Cylinder Natural,,
4,HK Trials,,I/G Trials for redo on colours,,,,,,,Karen New art???? Log,,
4,HK Trials,2025-01-16,Justine tissue Oil,4,,,x,20135,25,25x100/4 Coex Prl White,,
4,HK Trials,2024-12-02,Justine Tissue Oil SPF25,4,x,,x,20086,25,25x100/4 Coex Prl White,,Tubes week 5
4,HK Trials,2024-12-13,Justine Tissue Oil SPF20,4,x,,x,19725,30,30x110/4 Coex Prl White,,Thursday/Friday
4,HK Trials,2025-01-15,3 x Cuticura,2,,x,x,20114 / 5/ 6,50,50x130/10 Coex White,2025-01-20,Mon/Tues
4,HK Trials,,Varicide Await Art Approval,,,,,,,15/1/25 mail from D,,
4,HK Trials,2025-01-16,Anastella,4,x,x,x,20136,50,50x120/4Coex White,2025-01-22,
4,HK Trials,2025-01-21,Femogene,5,x,,x,20137,50,50x133/10 Coex Silver,2025-01-23,
4,HK Trials,,Down To Earth,,,,,20132,35,35x110/10 PBL,,Matt Laq
4,HK Trials,,Down To Earth,,,,,20133,35,35x110/10 PBL,,Matt Laq
4,HK Trials,,Down To Earth,,,,,20134,40,40x120/10 PBL,,Matt Laq
4,Dubuit Trials,2024-12-17,Panache,2,,x,x,20070,35,35x120/10 Coex Blue,2025-01-18,
4,Dubuit Trials,2024-12-13,Fabupharm Desert Sun Test Posi,,x,x,x,20085,50,50x160/10 Coex Blue,2025-01-24,Test posi to improve printing on Dubuit.
4,Dubuit Trials,2024-12-13,Squirt Barrier Cream 100g,,x,,x,20080,40,40x120/10 Prl Blue,2025-01-29,
4,Dubuit Trials,,Down To Earth,,,,,20132,35,35x110/10 PBL,,Matt Laq
4,Dubuit Trials,,Down To Earth,,,,,20133,35,35x110/10 PBL,,Matt Laq
4,Dubuit Trials,,Down To Earth,,,,,20134,40,40x120/10 PBL,,Matt Laq
4,Dubuit Trials,,Down To Earth,,,,,20132,35,35x110/10 PBL,,Matt Laq
4,Dubuit Trials,,Down To Earth,,,,,20133,35,35x110/10 PBL,,Matt Laq
4,Dubuit Trials,,Down To Earth,,,,,20134,40,40x120/10 PBL,,Matt Laq
4,Dubuit Trials,2024-12-13,Squirt Barrier Cream 100g,,x,,x,20080,40,40x120/10 Prl Blue,,
4,Dubuit Trials,2024-12-17,Panache,2,,x,x,20070,35,35x120/10 Coex Blue,2025-01-18,
4,Dubuit Trials,2025-01-15,EMA,1,x,x,x,20126,100ml,20/415 100ml Sharp Cylinder Natural,2025-01-23,
4,Dubuit Trials,2025-01-22,Environ,,,,,,,Ink Test,2025-01-24,
4,Dubuit Trials,2025-01-22,Justine  Soothing Care,,,,,,,100ml Purple,2025-01-23,
5,HK Trials,2025-01-16,Justine tissue Oil,4,,x,x,20135,25,25x100/4 Coex Prl White,2025-01-29,
5,HK Trials,2024-12-02,Justine Tissue Oil SPF25,4,x,x,x,20086,25,25x100/4 Coex Prl White,2025-01-29,
5,HK Trials,2024-12-13,Justine Tissue Oil SPF20,4,x,x,x,19725,30,30x110/4 Coex Prl White,2025-01-29,
5,HK Trials,2025-01-28,Prosana,3,,,x,20099,50,50x150/10 LDPE White,2025-02-01,
5,HK Trials,2025-01-28,Prosana,3,,,x,20100,50,50x150/10 LDPE White,2025-02-01,
5,HK Trials,2025-01-25,Down To Earth,,,,,20132,35,35x110/10 PBL,,Matt Laq
5,HK Trials,2025-01-25,Down To Earth,,,,,20133,35,35x110/10 PBL,,Matt Laq
5,HK Trials,2025-01-29,Down To Earth,,,,,20134,40,40x120/10 PBL,,Matt Laq
5,HK Trials,,I/G Trials for redo on colours,,,,,,,25x145/4 COEX Karen New art???? Log,,
5,HK Trials,,Varicide Await Art Approval,,,,,,,15/1/25 mail from D,,
5,Dubuit Trials,2024-12-13,Fabupharm Desert Sun Test Posi,,x,x,x,20085,50,50x160/10 Coex Blue,2025-01-24,Test posi to improve printing on Dubuit.
5,Dubuit Trials,2024-12-13,Squirt Barrier Cream 100g,,x,?,x,20080,40,40x120/10 Prl Blue,Week 6,
5,Dubuit Trials,2025-01-25,Down To Earth,,,,,20132,35,35x110/10 PBL,2025-01-25,Matt Laq
5,Dubuit Trials,2025-01-25,Down To Earth,,,,,20133,35,35x110/10 PBL,2025-01-25,Matt Laq
5,Dubuit Trials,2025-01-25,Down To Earth,,,,,20134,40,40x120/10 PBL,2025-01-25,Matt Laq
5,Dubuit Trials,2025-01-25,Down To Earth,,,,,20132,35,35x110/10 PBL,2025-01-25,Matt Laq
5,Dubuit Trials,2025-01-25,Down To Earth,,,,,20133,35,35x110/10 PBL,2025-01-25,Matt Laq
5,Dubuit Trials,2025-01-25,Down To Earth,,,,,20134,40,40x120/10 PBL,2025-01-29,Matt Laq
5,Dubuit Trials,2024-12-13,Squirt Barrier Cream 100g,,x,,x,20080,40,40x120/10 Prl Blue,week 6,
5,Dubuit Trials,2025-01-28,Prosana,3,,,x,20099,50,50x150/10 LDPE White,week 6,
5,Dubuit Trials,2025-01-28,Prosana,3,,,x,20100,50,50x150/10 LDPE White,week 6,
5,Dubuit Trials,2025-01-22,Environ,,,,,,,300ml Boston White,2025-01-31,
6,HK Trials,2025-01-28,Prosana,3,,x,x,20099,50,50x150/10 LDPE White,2025-02-07,29 Jan 2025 Wait on Ink from Germany
6,HK Trials,2025-01-28,Prosana,3,,x,x,20100,50,50x150/10 LDPE White,2025-02-07,29 Jan 2025 Wait on Ink from Germany
6,HK Trials,,Femagene,5,,x,,20169,50,50x133/10 Coex Silver,,
6,HK Trials,2025-01-25,Down To Earth,,x,,,20132,35,35x110/10 PBL,2025-02-01,Matt Laq
6,HK Trials,2025-01-25,Down To Earth,,x,,,20133,35,35x110/10 PBL,2025-02-01,Matt Laq
6,HK Trials,2025-01-29,Down To Earth,,x,,,20134,40,40x120/10 PBL,2025-02-01,Matt Laq
6,HK Trials,,I/G Trials for redo on colours,,,,,,,25x145/4 COEX Karen New art???? Log,,
6,HK Trials,,Varicide Await Art Approval,,,,,,,15/1/25 mail from D,,
6,Dubuit Trials,2024-12-13,Squirt Barrier Cream 100g,,x,x,x,20080,40,40x120/10 Prl Blue,2025-02-05,
6,Dubuit Trials,,Kaizer Chiefs,x,,,,20148,50,50x180/10 LDPE Black,2025-02-12,
6,Dubuit Trials,2025-01-28,Prosana,3,,,x,20099,50,50x150/10 LDPE White,week 6,
6,Dubuit Trials,2025-01-28,Prosana,3,,,x,20100,50,50x150/10 LDPE White,week 6,
6,Dubuit Trials,2025-01-22,Environ,3,x,x,x,19798,300ml,300ml Boston White,2025-02-03,
7,HK Trials,2025-01-28,Prosana,3,x,x,x,20099,50,50x150/10 LDPE White,2025-02-08,
7,HK Trials,2025-01-28,Prosana,3,x,x,x,20100,50,50x150/10 LDPE White,2025-02-08,
7,HK Trials,2025-02-07,Femagene,5,x,x,x,20169,50,50x133/10 Coex Silver,2025-02-08,
7,HK Trials,,Vida x 2 or 4,,,,,20151…/4,,50x180/10 Green,2022-02-25,
7,HK Trials,,I/G Trials for redo on colours,,,,,,,25x145/4 COEX Karen New art???? Log,,
7,HK Trials,,Varicide Await Art Approval,,,,,,,15/1/25 mail from D,,
7,Dubuit Trials,2025-02-07,Kaizer Chiefs,x,,x,x,20148,50,50x180/10 LDPE Black,2025-02-12,
7,Dubuit Trials,,Vida x 2 or 4,,,,,20151…/4,,50x180/10 Green,2022-02-25,
7,Dubuit Trials,2025-01-28,Prosana,3,x,x,x,20099,50,50x150/10 LDPE White,2025-02-08,
7,Dubuit Trials,2025-01-28,Prosana,3,x,x,x,20100,50,50x150/10 LDPE White,2025-02-08,
8,HK Trials,,I/G Trials for redo on colours,,,,,,,25x145/4 COEX Karen New art???? Log,,
8,HK Trials,,Varicide Await Art Approval,,,,,,,15/1/25 mail from D,,
8,HK Trials,,Good Stuff,,,,,20211,40,40x170/10 PBL White,,
8,HK Trials,,Good Stuff,,,,,20210,40,40x170/10 PBL White,,
8,HK Trials,,Island Tribe,2,,,,20177,35,35x90/10 Coex White,,
8,HK Trials,,Island Tribe,3,,,,20017,25,25x60/2 Coex White,,
8,HK Trials,,Scarlet Hill,2,x,x,,20117,22,22x60/1.5 Coex Green,,
8,HK Trials,,Scarlet Hill,2,x,,,20118,22,22x60/1.5 Coex Pink,,
8,HK Trials,,Scarlet Hill,2,,,,20119,22,22x60/1.5 Coex Yellow,,
8,HK Trials,,Scarlet Hill,2,x,x,,20120,22,22x60/1.5 Coex Cream,,
8,Dubuit Trials,2025-02-07,Kaizer Chiefs,x,,x,x,20148,50,50x180/10 LDPE Black,2025-02-12,Cancelled 17Feb 2025
8,Dubuit Trials,2025-02-19,Vida,,,,,20151,,50x180/10  Coex Green,2025-02-25,
8,Dubuit Trials,2025-02-19,Vida,,x,,,20152,,50x180/10  Coex Green,2025-02-25,
8,Dubuit Trials,2025-02-19,Vida,,x,,,20154,,50x180/10  Coex Green,2025-02-25,
8,Dubuit Trials,,Good Stuff,,,,,20211,40,40x170/10 PBL White,,
8,Dubuit Trials,,Good Stuff,,,,,20210,40,40x170/10 PBL White,,
8,Dubuit Trials,,Good Stuff,,,,,20211,40,40x170/10 PBL White,,
8,Dubuit Trials,,Good Stuff,,,,,20210,40,40x170/10 PBL White,,
9,HK Trials,,I/G Trials for redo on colours,,,,,,,25x145/4 COEX Karen New art???? Log,,
9,HK Trials,,Varicide Await Art Approval,,,,,,,15/1/25 mail from D,,
9,HK Trials,2025-02-27,Good Stuff,,,,,20211,40,40x170/10 PBL White,Digital/ Laq,
9,HK Trials,2025-02-27,Good Stuff,,,,,20210,40,40x170/10 PBL White,Digital/ Laq,
9,HK Trials,2025-02-24,Island Tribe,2,,x,x,20177,35,35x90/10 Coex White,2025-02-26,
9,HK Trials,2025-02-24,Island Tribe,3,,x,x,20017,25,25x60/2 Coex White,2025-02-26,
9,HK Trials,2025-02-24,Scarlet Hill,2,x,x,x,20117,22,22x60/1.5 Coex Green,2025-02-26,
9,HK Trials,2025-02-25,Scarlet Hill,2,x,,x,20118,22,22x60/1.5 Coex Pink,2025-02-26,
9,HK Trials,2025-02-25,Scarlet Hill,2,x,,x,20119,22,22x60/1.5 Coex Yellow,2025-02-26,
9,HK Trials,2025-02-24,Scarlet Hill,2,x,x,x,20120,22,22x60/1.5 Coex Cream,2025-02-26,
9,Dubuit Trials,2025-02-20,Justine Oil Control,5,,,x,20173,22,22x90/2 Coex Blue,Week 10,
9,Dubuit Trials,2025-02-19,Vida,,,x,x,20151,,50x180/10  Coex Green,2025-02-27,
9,Dubuit Trials,2025-02-19,Vida,,x,x,x,20152,,50x180/10  Coex Green,2025-02-27,
9,Dubuit Trials,2025-02-19,Vida,,x,x,x,20154,,50x180/10  Coex Green,2025-02-27,
9,Dubuit Trials,2025-02-25,Good Stuff,,,,,20211,40,40x170/10 PBL White,2025-02-25,
9,Dubuit Trials,2025-02-25,Good Stuff,,,,,20210,40,40x170/10 PBL White,2025-02-25,
9,Dubuit Trials,2025-02-27,Good Stuff,,,,,20211,40,40x170/10 PBL White,,
9,Dubuit Trials,2025-02-27,Good Stuff,,,,,20210,40,40x170/10 PBL White,,
10,HK Trials,,I/G Trials for redo on colours,,,,,,,25x145/4 COEX Karen New art???? Log,,
10,HK Trials,,Varicide Await Art Approval,,,,,,,15/1/25 mail from D,,
10,HK Trials,2025-02-25,Scarlet Hill,2,x,,x,20118,22,22x60/1.5 Coex Pink,2025-02-26,
10,HK Trials,2025-02-25,Scarlet Hill,2,x,,x,20119,22,22x60/1.5 Coex Yellow,2025-02-26,
10,Dubuit Trials,2025-02-20,Justine Oil Control,5,,,x,20173,22,22x90/2 Coex Blue,2025-03-06,
10,Dubuit Trials,2025-02-19,Vida,,,x,x,20151,,50x180/10  Coex Green,2025-03-04,
10,Dubuit Trials,2025-02-19,Vida,,x,x,x,20152,,50x180/10  Coex Green,2025-03-04,
10,Dubuit Trials,2025-02-19,Vida,,x,x,x,20154,,50x180/10  Coex Green,2025-03-04,
10,Dubuit Trials,2025-02-27,Good Stuff,,,,,20211,40,40x170/10 PBL White,2025-03-03,
10,Dubuit Trials,2025-02-27,Good Stuff,,,,,20210,40,40x170/10 PBL White,2025-03-03,
11,HK Trials,,I/G Trials for redo on colours,,,,,,,25x145/4 COEX Karen New art???? Log,,
11,HK Trials,,Varicide Await Art Approval,,,,,,,15/1/25 mail from D,,
11,HK Trials,2025-02-25,Scarlet Hill,2,x,,x,20118,22,22x60/1.5 Coex Pink,2025-02-26,
11,HK Trials,2025-02-25,Scarlet Hill,2,x,,x,20119,22,22x60/1.5 Coex Yellow,2025-02-26,
11,HK Trials,2025-03-14,Dala,3,,x,,20241,25,25x100/4 LDPE Natural,,
11,HK Trials,2025-03-14,Dala,3,,x,,20179,35,35x120/8 LDPE Natural,,
11,HK Trials,2025-03-14,Dala,3,,x,,20242,50,50x160/8 LDPE Natural,,
11,HK Trials,2025-03-14,Dule Expression,2,x,x,,20050,50,50x130/10 LDPE White,,
11,Dubuit Trials,2025-02-20,Justine Oil Control,5,x,,x,20173,22,22x90/2 Coex Blue,2025-03-06,Tubes by 28/3
11,Dubuit Trials,,RSQ Lip Balm,2,x,,,20229,22,"22x60/1,5 Coex Blue",,
11,Dubuit Trials,,Everysun,2,,x,,20209,35,35x145/10 Coex Blue,,
11,Dubuit Trials,,Everysun,2,,x,,20208,35,35x145/10 Coex Blue,,
11,Dubuit Trials,,Everysun,5,,x,,20207,35,35x90/10 Coex Blue,,
11,Dubuit Trials,,Everysun,5,,x,,20206,35,35x145/10 Coex Blue,,
11,Dubuit Trials,,Perfume Room,1,x,,,20238,35,35x120/10 Coex Blue,,
34,HK Trials,2025-08-14,Nature Dent,3,x,x,x,20480,22,22x80/2 LDPE White,2025-08-16,
34,HK Trials,2025-08-04,LA Africa,7,,x,x,20490,40,40x130/10 LDPE Green,2025-08-21,Tubes By Friday?
34,HK Trials,2025-08-14,Repel It,5,x,x,x,20570,40,40x145/10 Coex White,2025-08-16,Tubes By Friday?
34,HK Trials,2025-08-12,RG pink,1,x,x,x,20526,50,50x175/10 Coex Pink,2025-08-15,
34,HK Trials,2025-08-12,RG pink,1,x,x,x,20527,50,50x175/10 Coex Pink,2025-08-15,
34,HK Trials,2025-08-12,RG Yellow,1,x,x,x,20532,50,50x175/10 Coex Yellow,,
34,HK Trials,2025-08-12,RG Yellow,1,x,x,x,20533,50,50x175/10 Coex Yellow,,
34,HK Trials,2025-08-12,RG Lt Blue,1,x,,x,20534,50,50x175/10 Coex Lt Blue,,Tubes week35
34,HK Trials,2025-08-12,RG Lt Blue,1,x,,x,20535,50,50x175/10 Coex Lt Blue,,Tubes week35
34,HK Trials,2025-08-12,RG Green,1,x,,x,20540,50,50x175/10 Coex Green,,Tubes week35
34,HK Trials,2025-08-12,RG Green,1,x,,x,20541,50,50x175/10 Coex Green,,Tubes week35
34,HK Trials,,SSF Rub On Tube 150ml,x,,,,20240,40,40x168/2 Coex Beige,,Wait on Tubes 10 sep
34,Dubuit Trials,2025-08-04,Aloe Gel All In One (C35TBHOA041F),5,,x,x,20508,35,35x125/10 Coex Tnt Wht,2025-08-28,Tubes run at 3%  C35TBHOA041F Printon lighter tnt tube same art. 18/8 trial planned but tubes taken over to Dubuit were not headed.
34,Dubuit Trials,2025-08-13,RG Black,1,,x,1,20536,40,40x120/10 Coex Black,2025-08-19,
34,Dubuit Trials,2025-08-13,RG Black,1,,x,1,20539,40,40x120/10 Coex Black,2025-08-19,
34,Dubuit Trials,2025-08-12,RG Blue,1,x,x,x,20528,50,50x175/10 Coex Blue,2025-08-19,Tubes Maybe by 22/13
34,Dubuit Trials,2025-08-12,RG Blue,1,x,x,x,20529,50,50x175/10 Coex Blue,2025-08-19,
34,Dubuit Trials,2025-08-12,RG Red,1,x,x,x,20530,50,50x175/10 Coex Red,2025-08-19,
34,Dubuit Trials,2025-08-12,RG Red,1,x,x,x,20531,50,50x175/10 Coex Red,2025-08-19,
34,Dubuit Trials,2025-08-14,Oud,1,,x,x,20522,50,50x160/10 LDPE Black,2025-08-19,
34,Dubuit Trials,2025-08-14,Oud,1,,x,x,20521,50,50x160/10 LDPE Black,2025-08-19,
34,Dubuit Trials,2025-08-14,She'Zen,1,,x,x,20497,50,50x160/10 Coex Burgandy,2025-08-19,
35,HK Trials,2025-08-14,Repel It,5,x,x,x,20570,40,40x145/10 Coex White,2025-08-25,
35,HK Trials,2025-08-12,RG Yellow,1,x,x,x,20532,50,50x175/10 Coex Yellow,2025-08-22,
35,HK Trials,2025-08-12,RG Yellow,1,x,x,x,20533,50,50x175/10 Coex Yellow,2025-08-22,
35,HK Trials,2025-08-12,RG Lt Blue,1,x,x,x,20534,50,50x175/10 Coex Lt Blue,,Tubes week35
35,HK Trials,2025-08-12,RG Lt Blue,1,x,x,x,20535,50,50x175/10 Coex Lt Blue,,Tubes week35
35,HK Trials,2025-08-12,RG Green,1,x,x,x,20540,50,50x175/10 Coex Green,,Tubes week35
35,HK Trials,2025-08-12,RG Green,1,x,x,x,20541,50,50x175/10 Coex Green,,Tubes week35
35,HK Trials,2025-08-27,W Beauty,2,x,x,x,20457,35,35x90/4 Coex White,,
35,HK Trials,,SSF Rub On Tube 150ml,x,,,,20240,40,40x168/2 Coex Beige,,Wait on Tubes 10 Sep Retrial due to original colours too far apart.
35,Dubuit Trials,2025-08-27,After Sun,2,x,x,x,20455,25,25x80/5 CoexBlue,,
35,Dubuit Trials,2025-08-27,Complete Shield,2,x,x,x,20456,25,25x80/4 Coex Yellow,,
35,Dubuit Trials,2025-08-04,Aloe Gel All In One (C35TBHOA041F),5,,x,x,20508,35,35x125/10 Coex Tnt Wht,week 36 Tubes,Tubes run at 3%  C35TBHOA041F Printon lighter tnt tube same art. 18/8 trial planned but tubes taken over to Dubuit were not headed.
35,Dubuit Trials,,Swift,,,,,20587,40,40x170/8 Coex White,,Use excisting art tubes around 11/Sep.
35,Dubuit Trials,,Swift,,,,,20586,40,40x170/8 Coex Natural,,Use excisting art tubes around 11/Sep.
35,Dubuit Trials,2025-08-26,Justine Tissue Oil,4,,x,x,20558,50,50x115/10 Coex Natural,,
35,Dubuit Trials,2025-08-26,Spa Therapy,2,x,x,x,20416,50,50x115/4 Coex Prl Brown,,
35,Dubuit Trials,2025-08-26,Epimax,,,,x,20585,125ml,125 bottle,,Bottles week 34
35,Dubuit Trials,2025-08-26,Tissue oil Tumeric,,,,x,20580,200ml,,,Bottles week 34
35,Dubuit Trials,2025-08-26,Tissue oil Coconut,,,,x,20581,200ml,,,Bottles week 34
36,HK Trials,2025-08-12,RG Lt Blue,1,x,x,x,20534,50,50x175/10 Coex Lt Blue,2025-09-02,Tubes week35
36,HK Trials,2025-08-12,RG Lt Blue,1,x,x,x,20535,50,50x175/10 Coex Lt Blue,2025-09-02,Tubes week35
36,HK Trials,2025-08-12,RG Green,1,x,x,x,20540,50,50x175/10 Coex Green,2025-09-02,Tubes week35
36,HK Trials,2025-08-12,RG Green,1,x,x,x,20541,50,50x175/10 Coex Green,2025-09-02,Tubes week35
36,HK Trials,2025-08-27,W Beauty,2,x,x,x,20457,35,35x90/4 Coex White,2025-09-03,
36,HK Trials,,Nipple Cream,6,,x,,20460,35,35x110/10 Coex White,,Wait on plates
36,HK Trials,2025-09-03,SSF Rub On Tube 150ml,x,,,,20240,40,40x168/2 Coex Beige,2025-09-04,Wait on Tubes 10 Sep Retrial due to original colours too far apart. MAY HAVE TO ONLY RUN A DARK.
36,HK Trials,2025-08-14,Repel It,5,x,x,x,20570,40,40x145/10 Coex White,2025-08-25,2nd trial was done and now customer has a sleeve to target. Next 40 extrusion only 15 Sep.
36,HK Trials,2025-09-05,Environ,2,,x,,20628,25,25x96/2 ABL White,6 ep 2025,
36,HK Trials,2025-09-05,Environ,2,,,,20630,35,35x150/2 ABL White,2025-09-06,
36,HK Trials,2025-09-05,Environ,2,,,,20625,35,35x150/2 ABL White,2025-09-06,
36,Dubuit Trials,2025-08-27,After Sun,2,x,x,x,20455,25,25x80/5 CoexBlue,2025-09-04,
36,Dubuit Trials,2025-08-27,Complete Shield,2,x,x,x,20456,25,25x80/4 Coex Yellow,2025-09-04,
36,Dubuit Trials,2025-08-04,Aloe Gel All In One (C35TBHOA041F),5,,x,x,20508,35,35x125/10 Coex Tnt Wht,2025-09-03,Tubes run at 3%  C35TBHOA041F Printon lighter tnt tube same art. 18/8 trial planned but tubes taken over to Dubuit were not headed.
36,Dubuit Trials,,Swift,,,,,20587,40,40x170/8 Coex White,,Use excisting art. Tubes around 15/Sep.
36,Dubuit Trials,,Swift,,,,,20586,40,40x170/8 Coex Natural,,Use excisting art. Tubes around 15/Sep.
36,Dubuit Trials,2025-08-26,Justine Tissue Oil,4,,x,x,20558,50,50x115/10 Coex Natural,,
36,Dubuit Trials,2025-08-26,Spa Therapy,2,x,x,x,20416,50,50x115/4 Coex Prl Brown,,
36,Dubuit Trials,,Facial Moist,,,,,20571,40,40x120/4 PBL White,,GIVE ASH A REQUEST
36,Dubuit Trials,,Facial Moist,,,,,20571,40,40x120/4 PBL White,,
36,Dubuit Trials,,Facial Moist,,,,,20571,40,40x120/4 PBL White,,
36,Dubuit Trials,1900-01-23,Epimax,3,,x,x,20585,125ml,125 bottle,??? Liam,Mail Liam 1 sep 2025 bottles at machine
36,Dubuit Trials,2025-08-26,Tissue oil Tumeric,2,,x,x,20580,200ml,,week 38,Mail Liam 1 sep 2025 bottles at machine
36,Dubuit Trials,2025-08-26,Tissue oil Coconut,2,,x,x,20581,200ml,,week 38,Mail Liam 1 sep 2025 bottles at machine
36,Dubuit Trials,2025-08-29,Shezen Powder,1,x,x,x,20518,150ml,Burgandy Powder bottle,2025-09-08,Mail Liam 1 sep 2025 bottles at machine
37,HK Trials,,Nipple Cream,6,,x,,20460,35,35x110/10 Coex White,,Wait on customer art approval.
37,HK Trials,2025-09-03,SSF Rub On Tube 150ml,x,,,,20240,40,40x168/2 Coex Beige,2025-09-04,Wait on Tubes 10 Sep Retrial due to original colours too far apart. MAY HAVE TO ONLY RUN A DARK.
37,HK Trials,2025-08-14,Repel It,5,x,x,x,20570,40,40x145/10 Coex White,2025-08-25,2nd trial was done and now customer has a sleeve to target. Next 40 extrusion only 15 Sep.
37,Dubuit Trials,,Swift,,,,,20587,40,40x170/8 Coex White,,Use excisting art. Tubes around 15/Sep.
37,Dubuit Trials,,Swift,,,,,20586,40,40x170/8 Coex Natural,,Use excisting art. Tubes around 15/Sep.
37,Dubuit Trials,2025-08-26,Justine Tissue Oil,4,,x,x,20558,50,50x115/10 Coex Natural,2025-09-11,
37,Dubuit Trials,2025-08-26,Spa Therapy,2,x,x,x,20416,50,50x115/4 Coex Prl Brown,2025-09-11,
37,Dubuit Trials,2025-09-11,Oud,1,x,x,,20521,50,50x145/10 LDPE Black,2025-09-11,Tubes 50x160/10 (Old) At Machine
37,Dubuit Trials,2025-09-11,Oud,1,x,x,,20522,50,50x145/10 LDPE Black,2025-09-11,Tubes 50x160/10 (Old) At Machine
37,Dubuit Trials,,Facial Moist,,,,,20571,40,40x120/4 PBL White,,GIVE ASH A REQUEST
37,Dubuit Trials,,Facial Moist,,,,,20571,40,40x120/4 PBL White,,
37,Dubuit Trials,,Facial Moist,,,,,20571,40,40x120/4 PBL White,,
37,Dubuit Trials,2025-09-08,Environ,2,,x,,20628,25,25x96/2 ABL White,2025-09-08,
37,Dubuit Trials,2025-09-08,Environ,2,,,,20630,35,35x150/2 ABL White,2025-09-08,
37,Dubuit Trials,2025-09-08,Environ,2,,,,20625,35,35x150/2 ABL White,2025-09-08,
37,Dubuit Trials,1900-01-23,Epimax,3,,x,x,20585,125ml,125 bottle,??? Liam,Mail Liam 1 sep 2025 bottles at machine. Bottles at machine
37,Dubuit Trials,2025-08-26,Tissue oil Tumeric,2,,x,x,20580,200ml,,week 38,Mail Liam 1 sep 2025 bottles at machine. Bottles at machine
37,Dubuit Trials,2025-08-26,Tissue oil Coconut,2,,x,x,20581,200ml,,week 38,Mail Liam 1 sep 2025 bottles at machine. Bottles at machine
37,Dubuit Trials,2025-08-29,Shezen Powder,1,x,x,x,20518,150ml,Burgandy Powder bottle,2025-09-08,
38,HK Trials,,Nipple Cream,6,x,x,,20460,35,35x110/10 Coex White,,Wait on customer art approval.
38,HK Trials,2025-09-03,SSF Rub On 150ml,5,x,,,20240,40,40x168/2 Coex Beige,2025-09-22,Wait on Tubes 10 Sep Retrial due to original colours too far apart. MAY HAVE TO ONLY RUN A DARK.
38,HK Trials,2025-09-18,Repel It,5,x,x,x,20570,40,40x145/10 Coex White,2025-09-22,2nd trial was done and now customer has a sleeve to target. Next 40 extrusion only 15 Sep.
38,HK Trials,2025-09-18,Environ,2,x,x,x,20630,35,35x150/2 ABL White,2025-09-20,
38,HK Trials,,LA Labs,7,,x,,20632,50,50x165/10 LDPE Nat,2025-09-27,Wait on outcome of 20633 to order these
38,HK Trials,2025-09-18,LA Labs,7,,x,,20633,50,50x165/10 LDPE Nat,2025-09-20,
38,HK Trials,,LA Labs,7,,x,,20634,50,50 x165/10 LDPE Nat,2025-09-27,Wait on outcome of 20633 to order these
38,Dubuit Trials,,Swift,,,,excist,20587,40,40x170/8 Coex White,2025-09-25,Use excisting art. Tubes around 15/Sep.Do with production run
38,Dubuit Trials,,Swift,,,,excist,20586,40,40x170/8 Coex Natural,2025-09-25,Use excisting art. Tubes around 15/Sep.Do with production run
38,Dubuit Trials,2025-09-18,Face neck Cream,3,x,x,x,20546,35,35x90/10 Coex Blue,2025-09-20,
38,Dubuit Trials,2025-09-18,Body Sure,3,x,x,x,20547,50,50x130/10 Coex Blue,2025-09-20,
38,Dubuit Trials,2025-09-16,Facial Moist,,,,,20571,40,40x120/4 PBL White,2025-09-16,
38,Dubuit Trials,2025-09-16,Facial Moist,,,,,20571,40,40x120/4 PBL White,2025-09-19,
38,Dubuit Trials,2025-09-19,Facial Moist,,,,,20571,40,40x120/4 PBL White,2025-09-19,
38,Dubuit Trials,1900-01-23,Epimax Tissue Oil,3,,x,x,20585,125ml,125 bottle,??? Liam,Mail Liam 1 sep 2025 bottles at machine. Bottles at machine
38,Dubuit Trials,2025-08-26,Tissue oil Tumeric,2,,x,x,20580,200ml,,2025-09-16,Mail Liam 1 sep 2025 bottles at machine. Bottles at machine
38,Dubuit Trials,2025-08-26,Tissue oil Coconut,2,,x,x,20581,200ml,,2025-09-16,Mail Liam 1 sep 2025 bottles at machine. Bottles at machine
39,HK Trials,,Nipple Cream,6,x,x,,20460,35,35x110/10 Coex White,,Wait on customer art approval.
39,HK Trials,2025-09-03,SSF Rub On 150ml,5,x,,,20240,40,40x168/2 Coex Beige,2025-09-22,Wait on Tubes 10 Sep Retrial due to original colours too far apart. MAY HAVE TO ONLY RUN A DARK.
39,HK Trials,2025-09-18,Repel It,5,x,x,x,20570,40,40x145/10 Coex White,2025-09-22,2nd trial was done and now customer has a sleeve to target. Next 40 extrusion only 15 Sep.
39,HK Trials,2025-09-18,Environ,2,x,x,x,20630,35,35x150/2 ABL White,2025-09-24,
39,HK Trials,,LA Labs,7,x,x,,20632,50,50x180/10 LDPE Nat,2025-09-27,Wait on outcome of 20633 to order these
39,HK Trials,,LA Labs,7,x,x,,20634,50,50 x180/10 LDPE Nat,2025-09-27,Wait on outcome of 20633 to order these
39,HK Trials,2025-09-18,LA Labs,7,,x,,20633,50,50x180/10 LDPE Nat,2025-09-27,1st trial not succesfull.
39,Dubuit Trials,2025-09-22,Swift,,,,excist,20587,40,40x170/8 Coex White,2025-09-25,Use excisting art. Tubes around 15/Sep.Do with production run
39,Dubuit Trials,2025-09-22,Swift,,,,excist,20586,40,40x170/8 Coex Natural,2025-09-25,Use excisting art. Tubes around 15/Sep.Do with production run
39,Dubuit Trials,1900-01-23,Epimax Tissue Oil,3,,x,x,20585,125ml,125 bottle,??? Liam,Mail Liam 1 sep 2025 bottles at machine. Bottles at machine. Wait on Orer to do trial???
40,HK Trials,2025-09-26,Nipple Cream,6,x,x,x,20460,35,35x110/10 Coex White,2025-09-27,Wait on customer art approval.
40,HK Trials,2025-09-18,Environ,2,x,x,x,20630,35,35x150/2 ABL White,2025-09-30,
40,HK Trials,2025-10-03,LA Labs Magnolia,7,x,x,,20632,50,50x180/10 LDPE Nat,2025-10-05,Wait on outcome of 20633 to order these
40,HK Trials,2025-10-06,LA Labs,7,x,x,,20634,50,50 x180/10 LDPE Nat,,Wait on Plates
40,HK Trials,2025-09-18,LA Labs Rose,7,,x,x,20633,50,50x180/10 LDPE Nat,2025-10-04,1st trial not succesfull.3rd attempt.
40,HK Trials,2025-10-03,W Beauty,1,,,,20662,35,35x90/4 Coex White,,
40,Dubuit Trials,2025-09-29,Face neck Cream,3,x,x,x,20546,35,35x90/10 Coex Blue,2025-10-01,Customer not happy retrial with adjusted artwork.
40,Dubuit Trials,2025-09-02,Eezy sun,5,,x,excist,20329,35,35x100/10 Coex Orange,2025-09-02,
40,Dubuit Trials,2025-09-02,Eezy sun,5,,x,excist,20330,35,35x100/10 Coex Orange,2025-09-02,
40,Dubuit Trials,2025-09-29,Skin Couture,2,,x,x,20709,40,40x120/10 LDPE Black,2025-09-07,
40,Dubuit Trials,2025-09-22,Swift,,,,excist,20587,40,40x170/8 Coex White,2025-09-07,Use excisting art. Tubes around 15/Sep.Do with production run
40,Dubuit Trials,2025-09-22,Swift,,,,excist,20586,40,40x170/8 Coex Natural,2025-09-07,Use excisting art. Tubes around 15/Sep.Do with production run
40,Dubuit Trials,2025-09-29,Body Sure,3,x,x,x,20547,50,50x130/10 Coex Blue,2025-09-29,Customer not happy retrial with adjusted artwork.
40,Dubuit Trials,2025-10-01,Eezysun,5,,x,excist,20331,50,50x160/10 Coex Orange,,
40,Dubuit Trials,1900-01-23,Epimax Tissue Oil,3,,x,x,20585,125ml,125 bottle,??? Liam,Mail Liam 1 sep 2025. Bottles at machine. Wait on Orer to do trial???
41,HK Trials,2025-10-03,LA Labs Magnolia,7,x,x,x,20632,50,50x180/10 LDPE Nat,2025-10-11,Wait on outcome of 20633 to order these
41,HK Trials,2025-10-06,LA Labs,7,x,x,x,20634,50,50 x180/10 LDPE Nat,2025-10-12,Wait on Plates
41,HK Trials,2025-09-18,LA Labs Rose,7,,x,x,20633,50,50x180/10 LDPE Nat,2025-10-04,1st trial not succesfull.3rd attempt.
41,HK Trials,2025-10-03,W Beauty,1,,,x,20662,35,35x90/4 Coex White,2025-10-11,
41,Dubuit Trials,2025-09-29,Skin Couture,2,,x,x,20709,40,40x120/10 LDPE Black,2025-10-09,Maintanace on Machine
41,Dubuit Trials,2025-09-22,Swift,,,,excist,20587,40,40x170/8 Coex White,2025-10-09,Use excisting art. Tubes around 15/Sep.Do with production run
41,Dubuit Trials,2025-09-22,Swift,,,,excist,20586,40,40x170/8 Coex Natural,2025-10-08,Use excisting art. Tubes around 15/Sep.Do with production run
41,Dubuit Trials,1900-01-23,Epimax Tissue Oil,3,,x,x,20585,125ml,125 bottle,??? Liam,Mail Liam 1 sep 2025. Bottles at machine. Wait on Orer to do trial???
42,HK Trials,2025-10-16,Sqeezy,3,x,x,x,20668,50,50x180/6 Coex White,2025-10-18,
42,HK Trials,2025-10-16,Sqeezy,3,x,x,x,20669,50,50x180/6 Coex White,2025-10-18,
42,HK Trials,2025-10-16,Sqeezy,3,x,x,x,20670,50,50x180/6 Coex White,2025-10-19,
42,HK Trials,2025-10-16,Perfume Garden,4,x,,x,20629,35,35x120/10 LDPE Beige,,we still don’t have tubes here.
42,Dubuit Trials,2025-10-16,Alcare,4,x,x,x,20712,40,40x180/10 LDPE Natural +3%,2025-10-18,
42,Dubuit Trials,2025-10-16,Root 4,2,x,x,x,20469,25,25x145/4 Coex Green,2025-10-21,
42,Dubuit Trials,,Root 4,,,,,,,,2025-10-21,
42,Dubuit Trials,1900-01-23,Epimax Tissue Oil,3,,x,x,20585,125ml,125 bottle,??? Liam/ Aqeela,Mail Liam 1 sep 2025. Bottles at machine. Wait on Orer to do trial???
42,Dubuit Trials,2025-10-16,Body Essence,2,x,x,x,20681,100ml,100ml Tissue oil,2025-10-18,
43,HK Trials,2025-10-16,Perfume Garden,4,x,,x,20629,35,35x120/10 LDPE Beige,2025-10-24,we still don’t have tubes here.Tubes available 23/24 Oct.D has now moved the 35 run too 31/10
43,HK Trials,2025-10-23,Justine,2,x,x,x,20725,30,30x110/4 Coex Cream,2025-10-25,
43,HK Trials,2025-10-23,Justine,2,x,x,x,20724,30,30x110/4 Coex Cream,2025-10-25,
43,Dubuit Trials,2025-10-16,Root 4,2,x,x,x,20469,25,25x145/4 Coex Green,2025-10-21,
43,Dubuit Trials,2025-10-16,Root 4,,,,,,,Samples,2025-10-21,
43,Dubuit Trials,2025-10-21,Root 4,2,x,x,x,20469,25,25x145/4 Coex Green,,
43,Dubuit Trials,2025-10-21,Root 4,,,,,,,Samples,,
43,Dubuit Trials,1900-01-23,Epimax Tissue Oil,3,,x,x,20585,125ml,125 bottle,??? Liam/ Aqeela,Mail Liam 1 sep 2025. Bottles at machine. Wait on Orer to do trial???
44,HK Trials,2025-10-16,Perfume Garden,4,x,,x,20629,35,35x120/10 LDPE Beige,2025-11-01,we still don’t have tubes here.Tubes available 23/24 Oct.D has now moved the 35 run too 31/10 .30/10 customer change job from 3 colour to 1 colour.
44,HK Trials,2025-10-30,Amity Perfumes,2,x,x,,20752,50,50x160/10 Coex White,,
44,HK Trials,2025-10-30,Amity Perfumes,2,x,x,,20751,50,50x160/10 Coex White,,
44,HK Trials,2025-10-30,Sqeezy,3,x,x,,20668,50,50x180/6 Coex White,2025-11-01,28/10/25 Retrial colour target moved by customer from pantone to sample
44,HK Trials,2025-10-30,Sqeezy,3,x,x,,20669,50,50x180/6 Coex White,2025-11-01,28/10/25 Retrial colour target moved by customer from pantone to sample
44,HK Trials,2025-10-30,Sqeezy,3,x,x,,20670,50,50x180/6 Coex White,2025-11-01,28/10/25 Retrial colour target moved by customer from pantone to sample
44,HK Trials,,YOH,7,x,,,20655,50,50x160/10 Coex Cream,,
44,HK Trials,,YOH,7,x,,,20654,50,50x160/10 Coex Cream,,
44,Dubuit Trials,,Bravo,1,x,,,20726,25,25x80/4 Coex  Lt Green,2025-11-11,Tubes 4 novemebr maybe SIP 11 nov 2025 Trial and run Production
44,Dubuit Trials,2025-10-23,Justine,2,x,x,x,20725,30,30x110/4 Coex Cream,2025-10-28,
44,Dubuit Trials,2025-10-23,Justine,2,x,x,x,20724,30,30x110/4 Coex Cream,2025-10-28,
44,Dubuit Trials,2025-10-21,Root 4,2,x,x,x,20469,25,25x145/4 Coex Green,2025-10-28,
44,Dubuit Trials,2025-10-21,Root 4,2,,,,,,Samples,2025-10-28,
44,Dubuit Trials,1900-01-23,Epimax Tissue Oil,3,,x,x,20585,125ml,125 bottle,??? Liam/ Aqeela,
45,HK Trials,2025-10-30,Amity Perfumes,2,x,x,x,20752,50,50x160/10 Coex White,2025-11-15,Production first week Dec. Amity is 1 trial (same artwork must run normal trial 1-5 x 2 just different caps black/gold)
45,HK Trials,2025-10-30,Amity Perfumes,2,x,x,x,20751,50,50x160/10 Coex White,2025-11-15,Production first week Dec. Amity is 1 trial (same artwork must run normal trial 1-5 x 2 just different caps black/gold)
45,HK Trials,2025-10-31,YOH,7,x,x,x,20655,50,50x160/10 Coex Cream,2025-11-08,(first trial this one with order)
45,HK Trials,2025-10-31,YOH,7,x,x,x,20654,50,50x160/10 Coex Cream,2025-11-08,Trial 1 job to check  plates (first trial this one with order)
45,HK Trials,2025-10-31,YOH,7,,x,,20652,50,50x130/10 Coex Cream,2025-11-08,trial Sunday?
45,HK Trials,2025-10-31,YOH,7,,x,,20653,50,50x130/10 Coex Cream,2025-11-09,trial Sunday?
45,HK Trials,,Environ,2,,,,20794,50,50x132/10 Coex White,2025-11-15,Nothing artwork yet
45,HK Trials,2025-11-07,Lycoderm,,,,,20559,25,25x80/4 PBL,2025-11-09,Matt Laq + foil - lacq on Saturday
45,HK Trials,2025-11-07,Lycoderm,,,,,20560,25,25x110/4 PBL,2025-11-09,Matt Laq + foil - lacq on Saturday
45,HK Trials,2025-11-07,Assegaai,,,,,20756,40,40x110/4 PBL,2025-11-09,Matt Laq  - lacq on Saturday .I put the wrong orifice on request must be 10mm
45,HK Trials,2025-11-07,Assegaai,,,,,20757,40,40x110/4 PBL,2025-11-09,Matt Laq  - lacq on Saturday .I put the wrong orifice on request must be 10mm
45,HK Trials,2025-11-07,Assegaai,,,,,20758,40,40x110/4 PBL,2025-11-09,Matt Laq  - lacq on Saturday .I put the wrong orifice on request must be 10mm
45,HK Trials,2025-11-07,Assegaai,,,,,20759,40,40x110/4 PBL,2025-11-09,Matt Laq  - lacq on Saturday .I put the wrong orifice on request must be 10mm
45,HK Trials,2025-11-07,Assegaai,,,,,20760,40,40x110/4 PBL,2025-11-09,Matt Laq  - lacq on Saturday .I put the wrong orifice on request must be 10mm
45,Dubuit Trials,,Bravo,1,x,,,20726,25,25x80/4 Coex  Lt Green,2025-11-11,Tubes 4 nov maybe SIP 11 nov 2025 Trial and run Production - will only have tubes Monday
45,Dubuit Trials,,Swift,4,x,,,20783,40,40x170/8 coex Black,,30/10/25 tubes done
45,Dubuit Trials,,Swift,4,x,,,20784,40,40x170/8 coex Black,,30/10/25 tubes done
45,Dubuit Trials,,Swift,4,x,,,20785,40,40x170/8 coex Black,,30/10/25 tubes done
45,Dubuit Trials,,Young Solution,3,,,,20375,50,50x130/10 COEX Red,,Nothing Yet
45,Dubuit Trials,2025-11-07,Lycoderm,,,,,20559,25,25x80/4 PBL,2025-11-07,Matt Laq + foil
45,Dubuit Trials,2025-11-07,Lycoderm,,,,,20560,25,25x110/4 PBL,2025-11-07,Matt Laq + foil
45,Dubuit Trials,2025-11-07,Assegaai,,,,,20756,40,40x110/4 PBL,2025-11-07,Matt Laq trial done 3/11/25
45,Dubuit Trials,2025-11-07,Assegaai,,,,,20757,40,40x110/4 PBL,2025-11-07,Matt Laq trial done 3/11/25
45,Dubuit Trials,2025-11-07,Assegaai,,,,,20758,40,40x110/4 PBL,2025-11-07,Matt Laq trial done 3/11/25
45,Dubuit Trials,2025-11-07,Assegaai,,,,,20759,40,40x110/4 PBL,2025-11-07,Matt Laq trial done 3/11/25
45,Dubuit Trials,2025-11-07,Assegaai,,,,,20760,40,40x110/4 PBL,2025-11-07,Matt Laq trial done 3/11/25
45,Dubuit Trials,2025-11-07,Lycoderm,,,,,20559,25,25x80/4 PBL,2025-11-07,Matt Laq + foil
45,Dubuit Trials,2025-11-07,Lycoderm,,,,,20560,25,25x110/4 PBL,2025-11-07,Matt Laq + foil
45,Dubuit Trials,2025-11-07,Assegaai,,,,,20756,40,40x110/4 PBL,2025-11-07,Matt Laq  trial was sent over 4/11/25 tubes done
45,Dubuit Trials,2025-11-07,Assegaai,,,,,20757,40,40x110/4 PBL,2025-11-07,Matt Laq  trial was sent over 4/11/25 tubes done
45,Dubuit Trials,2025-11-07,Assegaai,,,,,20758,40,40x110/4 PBL,2025-11-07,Matt Laq  trial was sent over 4/11/25 tubes done
45,Dubuit Trials,2025-11-07,Assegaai,,,,,20759,40,40x110/4 PBL,2025-11-07,Matt Laq  trial was sent over 4/11/25 tubes done
45,Dubuit Trials,2025-11-07,Assegaai,,,,,20760,40,40x110/4 PBL,2025-11-07,Matt Laq  trial was sent over 4/11/25 tubes done
45,Dubuit Trials,2025-11-10,Lycoderm,,,,,20559,25,25x80/4 PBL,,
45,Dubuit Trials,2025-11-10,Lycoderm,,,,,20560,25,25x110/4 PBL,,
45,Dubuit Trials,1900-01-23,Epimax Tissue Oil,3,,x,x,20585,125ml,125 bottle,??? Liam/ Aqeela,Bottles at machine. Wait on Orer to do trial???
46,HK Trials,2025-11-07,YOH,7,,x,x,20652,50,50x130/10 Coex Cream,2025-11-15,
46,HK Trials,2025-11-07,YOH,7,,x,x,20653,50,50x130/10 Coex Cream,2025-11-15,
46,HK Trials,,Environ,2,,,,20794,50,50x132/10 Coex White,????,No Signed artwork yet production due 2/2/26
46,Dubuit Trials,2025-11-07,Bravo,1,x,,x,20726,25,25x80/4 Coex  Lt Green,2025-11-10,Tubes 4 nov maybe SIP 11 nov 2025 Trial and run Production - will only have tubes Monday
46,Dubuit Trials,2025-11-10,Swift,4,x,x,x,20783,40,40x170/8 coex Black,2025-11-15,30/10/25 tubes done
46,Dubuit Trials,2025-11-10,Swift,4,x,x,x,20784,40,40x170/8 coex Black,2025-11-15,30/10/25 tubes done
46,Dubuit Trials,2025-11-10,Swift,4,x,x,x,20785,40,40x170/8 coex Black,2025-11-12,30/10/25 tubes done
46,Dubuit Trials,,Young Solution,3,,,,20375,50,50x130/10 COEX Red,,No Signed artwork yet
46,Dubuit Trials,,Sunlab,5,,,,20833,35,35x150/10 Coex Orange,2025-11-20,
46,Dubuit Trials,,Sunlab,5,,,,20834,35,35x50/10 Coex Blue,2025-11-20,
46,Dubuit Trials,,Sunlab,5,,,,20835,35,35 x150/10 Coex Orange,2025-11-20,
46,Dubuit Trials,,Sunlab,5,,,,20836,50,50X180/10 Coex Blue,2025-11-19,
46,Dubuit Trials,,Foot Restoration,,,,,20718,40,40x145/10 PBL White,,
46,Dubuit Trials,,Foot Restoration,,,,,20718,40,40x145/10 PBL White,,
46,Dubuit Trials,2025-11-10,Lycoderm,,,,,20559,25,25x80/4 PBL,2025-11-10,
46,Dubuit Trials,2025-11-10,Lycoderm,,,,,20560,25,25x110/4 PBL,2025-11-10,
46,Dubuit Trials,,Foot Restoration,,,,,20718,40,40x145/10 PBL White,,
46,Dubuit Trials,1900-01-23,Epimax Tissue Oil,3,,x,x,20585,125ml,125 bottle,??? Liam/ Aqeela,Bottles at machine. Wait on Orer to do trial???
47,HK Trials,,Environ,2,,x,x,20794,50,50x132/10 Coex White,,
47,HK Trials,,Cuticura Overseas Plates,,,,,,,,,Tubes will run next 50 run 29 nov.
47,Dubuit Trials,,Sunlab,5,,x,x,20833,35,35x150/10 Coex Orange,2025-11-21,
47,Dubuit Trials,,Sunlab,5,,x,,20834,35,35x50/10 Coex Blue,2025-11-21,
47,Dubuit Trials,,Sunlab,5,,x,x,20835,35,35 x150/10 Coex Orange,2025-11-21,
47,Dubuit Trials,,Sunlab,5,,x,,20836,50,50X180/10 Coex Blue,2025-11-20,
47,Dubuit Trials,,RG  Tubes black x 2,,,x,,20805,,,,
47,Dubuit Trials,,Young Solution,3,,,,20375,50,50x130/10 COEX Red,,No Signed artwork yet 17/11/25 still nothing
47,Dubuit Trials,2025-11-17,Foot Resoration,,,,,20718,,40x145/10 PBL,2025-11-17,
47,Dubuit Trials,2025-11-17,Foot Resoration,,,,,20718,,40x145/10 PBL,2025-11-17,
47,Dubuit Trials,,Environ,2,,,,20794,50,50x132/10 Coex White,,
47,Dubuit Trials,2025-11-17,Foot Resoration,,,,,20718,,40x145/10 PBL,2025-11-17,
47,Dubuit Trials,1900-01-23,Epimax Tissue Oil,3,,x,x,20585,125ml,125 bottle,??? Liam/ Aqeela,Bottles at machine. Wait on Orer to do trial???
48,HK Trials,2025-11-20,Environ,2,,x,x,20794,50,50x132/10 Coex White,,
48,HK Trials,2025-11-21,Orijins,3,,x,x,20844,35,35x90/6 Coex White,,
48,HK Trials,,Nipple Cream ( Portia),6,,,,20460,35,35x110/10 Coex White,,Retrial wait on new art
48,HK Trials,,Cuticura Overseas Plates,,,,,,,,,Tubes will run next 50 run 29 nov.
48,HK Trials,2025-11-27,Skin Radiance Hand Balm 75ml,D,,,,20781,35,35x120/10 PBL,2025-11-27,Matt Laq.
48,HK Trials,2025-11-27,Skin Radiance Hand Crm 75ml,D,,,,20782,35,35x120/10 PBL,2025-11-27,Matt Laq.
48,Dubuit Trials,2025-11-19,Sunlab,5,,x,x,20833,35,35x150/10 Coex Orange,2025-11-21,
48,Dubuit Trials,2025-11-20,Sunlab,5,,x,,20834,35,35x50/10 Coex Blue,25 nov 205,
48,Dubuit Trials,2025-11-19,Sunlab,5,,x,x,20835,35,35 x150/10 Coex Orange,2025-11-21,
48,Dubuit Trials,,Sunlab,5,,x,,20836,50,50X180/10 Coex Blue,2025-11-20,Wait on art .24/11Still no art received. 26/11 job cancelled.
48,Dubuit Trials,,RG  Tubes black x 2,,,x,x,20805,,,,Common plates
48,Dubuit Trials,,Playboy Tube trials,,,,,,,,,24/11We found a few samples and sent to customer. Lets see what they say.
48,Dubuit Trials,,Young Solution,3,,,,20375,50,50x130/10 COEX Red,,No Signed artwork yet 17/11/25 still nothing
48,Dubuit Trials,2025-11-27,Skin Radiance Hand Balm 75ml,D,,,,20781,35,35x120/10 PBL,2025-11-27,
48,Dubuit Trials,2025-11-27,Skin Radiance Hand Crm 75ml,D,,,,20782,35,35x120/10 PBL,2025-11-27,
48,Dubuit Trials,2025-11-27,Skin Radiance Hand Balm 75ml,D,,,,20781,35,35x120/10 PBL,2025-11-27,
48,Dubuit Trials,2025-11-27,Skin Radiance Hand Crm 75ml,D,,,,20782,35,35x120/10 PBL,2025-11-27,
48,Dubuit Trials,,Environ,2,,,,20794,50,50x132/10 Coex White,,
48,Dubuit Trials,2025-11-27,Skin Radiance Hand Balm 75ml,D,,,,20781,35,35x120/10 PBL,2025-11-28,
48,Dubuit Trials,2025-11-27,Skin Radiance Hand Crm 75ml,D,,,,20782,35,35x120/10 PBL,2025-11-28,
48,Dubuit Trials,1900-01-23,Epimax Tissue Oil,3,,x,x,20585,125ml,125 bottle,Liam/ Aqeela,Bottles at machine. Wait on Orer to do trial???
49,HK Trials,2025-11-20,Environ,2,,x,x,20794,50,50x132/10 Coex White,,
49,HK Trials,2025-11-21,Orijins,3,,x,x,20844,35,35x90/6 Coex White,,
49,HK Trials,,Nipple Cream ( Portia),6,,,,20460,35,35x110/10 Coex White,,Retrial wait on new art
49,HK Trials,,Cuticura Overseas Plates,,,,,,,,,Tubes will run next 50 run 29 nov.
49,Dubuit Trials,2025-12-02,Castor Oil,3,,,,20747,35,35x120/10 COEX BLACK,,
49,Dubuit Trials,2025-12-02,Castor Oil,3,,,,20748,50,50X160/10 Coex Black,2025-12-08,
49,Dubuit Trials,2025-11-15,RG  Tubes black x 2,,,x,x,20805,50,50x175/10 Coex Black,2025-12-08,Common plates
49,Dubuit Trials,,Playboy Tube trials,,,,,,,,,24/11We found a few samples and sent to customer. Lets see what they say.
49,Dubuit Trials,,Young Solution,3,,,,20375,50,50x130/10 COEX Red,,No Signed artwork yet 17/11/25 still nothing
49,Dubuit Trials,,Luxury Lotion Neroli 50ml,D,,,,20850,35,35x100/4 ABL Silver,,
49,Dubuit Trials,,Luxury Lotion Rose Geranium 50ml,D,,,,20851,35,35x100/4 ABL Silver,,
49,Dubuit Trials,,Luxury Lotion Neroli 50ml,D,,,,20850,35,35x100/4 ABL Silver,,
49,Dubuit Trials,,Luxury Lotion Rose Geranium 50ml,D,,,,20851,35,35x100/4 ABL Silver,,
49,Dubuit Trials,,Environ,2,,,,20794,50,50x132/10 Coex White,,
49,Dubuit Trials,,Luxury Lotion Neroli 50ml,D,,,,20850,35,35x100/4 ABL Silver,,
49,Dubuit Trials,,Luxury Lotion Rose Geranium 50ml,D,,,,20851,35,35x100/4 ABL Silver,,
49,Dubuit Trials,1900-01-23,Epimax Tissue Oil,3,,x,x,20585,125ml,125 bottle,Liam/ Aqeela,Bottles at machine. Wait on Orer to do trial???
50,HK Trials,2025-11-20,Environ,2,,x,x,20794,50,50x132/10 Coex White,2026-01-23,
50,HK Trials,2025-11-21,Orijins,3,,x,x,20844,35,35x90/6 Coex White,2026-01-23,
50,HK Trials,,Nipple Cream ( Portia),6,,,,20460,35,35x110/10 Coex White,,Retrial wait on new art  8/12 still no art approval.
50,HK Trials,,Cuticura Overseas Plates,,,,,,,,,Tubes will run next 50 run 29 nov.
50,Dubuit Trials,2025-12-02,Castor Oil,3,,,,20747,35,35x120/10 COEX BLACK,2026-01-19,
50,Dubuit Trials,2025-12-02,Castor Oil,3,,,,20748,50,50X160/10 Coex Black,2025-12-12,8/12 needs to be retrialled
50,Dubuit Trials,2025-11-15,RG  Tubes black x 2,,,x,x,20805,50,50x175/10 Coex Black,2025-12-08,Common plates
50,Dubuit Trials,,Playboy Tube trials,,,,,,,,,24/11We found a few samples and sent to customer. Lets see what they say.
50,Dubuit Trials,,Young Solution,3,,,,20375,50,50x130/10 COEX Red,,No Signed artwork yet 17/11/25 still nothing
50,Dubuit Trials,2025-12-11,Luxury Lotion Neroli 50ml,D,,,,20850,35,35x100/4 ABL Silver,2026-01-19,Bytjie Salf
50,Dubuit Trials,2025-12-11,Luxury Lotion Rose Geranium 50ml,D,,,,20851,35,35x100/4 ABL Silver,2026-01-19,Bytjie Salf
50,Dubuit Trials,2025-12-11,Luxury Lotion Neroli 50ml,D,,,,20850,35,35x100/4 ABL Silver,2026-01-19,Bytjie Salf
50,Dubuit Trials,2025-12-11,Luxury Lotion Rose Geranium 50ml,D,,,,20851,35,35x100/4 ABL Silver,2026-01-19,Bytjie Salf
50,Dubuit Trials,,Environ,2,,,,20794,50,50x132/10 Coex White,,
50,Dubuit Trials,2025-12-12,Luxury Lotion Neroli 50ml,D,,,,20850,35,35x100/4 ABL Silver,2026-01-19,Bytjie Salf
50,Dubuit Trials,2025-12-12,Luxury Lotion Rose Geranium 50ml,D,,,,20851,35,35x100/4 ABL Silver,2026-01-19,Bytjie Salf
50,Dubuit Trials,2025-08-07,Epimax Tissue Oil,3,,x,x,20585,125ml,125 bottle,Liam/ Aqeela,Bottles at machine. Wait on Orer to do trial???
50,Dubuit Trials,2025-12-08,Strong & Beautiful 350ml,2,,,,20605,,350 Black bottle,2025-12-08,Ink came off and project stopped.
51,HK Trials,2025-11-20,Environ,2,,x,x,20794,50,50x132/10 Coex White,2026-01-23,
51,HK Trials,2025-11-21,Orijins,3,,x,x,20844,35,35x90/6 Coex White,2026-01-23,
51,HK Trials,,Nipple Cream ( Portia),6,,,,20460,35,35x110/10 Coex White,,Retrial wait on new art  8/12 still no art approval.
51,HK Trials,,Cuticura Overseas Plates,,,,,,,,,Tubes will run next 50 run 29 nov.
51,Dubuit Trials,2025-12-02,Castor Oil,3,,,,20747,35,35x120/10 COEX BLACK,2026-01-19,
51,Dubuit Trials,2025-12-02,Castor Oil,3,,,,20748,50,50X160/10 Coex Black,2025-12-12,8/12 needs to be retrialled
51,Dubuit Trials,,Playboy Tube trials,,,,,,,,,24/11We found a few samples and sent to customer. Lets see what they say.
51,Dubuit Trials,,Young Solution,3,,,,20375,50,50x130/10 COEX Red,,No Signed artwork yet 17/11/25 still nothing
51,Dubuit Trials,2025-12-11,Luxury Lotion Neroli 50ml,D,,,,20850,35,35x100/4 ABL Silver,2026-01-19,Bytjie Salf
51,Dubuit Trials,2025-12-11,Luxury Lotion Rose Geranium 50ml,D,,,,20851,35,35x100/4 ABL Silver,2026-01-19,Bytjie Salf
51,Dubuit Trials,2025-12-11,Luxury Lotion Neroli 50ml,D,,,,20850,35,35x100/4 ABL Silver,2026-01-19,Bytjie Salf
51,Dubuit Trials,2025-12-11,Luxury Lotion Rose Geranium 50ml,D,,,,20851,35,35x100/4 ABL Silver,2026-01-19,Bytjie Salf
51,Dubuit Trials,,Environ,2,,,,20794,50,50x132/10 Coex White,,
51,Dubuit Trials,2025-12-12,Luxury Lotion Neroli 50ml,D,,,,20850,35,35x100/4 ABL Silver,2026-01-19,Bytjie Salf
51,Dubuit Trials,2025-12-12,Luxury Lotion Rose Geranium 50ml,D,,,,20851,35,35x100/4 ABL Silver,2026-01-19,Bytjie Salf
51,Dubuit Trials,2025-08-07,Epimax Tissue Oil,3,,x,x,20585,125ml,125 bottle,Liam/ Aqeela,Bottles at machine. Wait on Orer to do trial???
